日期,開盤價,最高價,最低價,收盤價,成交量(張),MA5,MA10,MA20,MA60,外資買賣超,投信買賣超,自營商買賣超,外資累積,投信累積,自營商累積
2026-05-14,675.0,687.0,667.0,679.0,5613,670.2,638.1,616.45,578.5636363636364,1517.0,-454.0,-139.0,-10137.0,5461.0,821.0
2026-05-13,648.0,672.0,648.0,663.0,7182,662.2,629.0,611.7,576.7037037037037,1357.0,-152.0,-39.0,-11654.0,5915.0,960.0
2026-05-12,686.0,693.0,672.0,673.0,6513,655.4,621.5,607.55,575.0754716981132,-695.0,492.0,-178.0,-13011.0,6067.0,999.0
2026-05-11,661.0,699.0,658.0,686.0,10283,638.8,613.0,602.8,573.1923076923077,2908.0,87.0,-29.0,-12316.0,5575.0,1177.0
2026-05-08,640.0,670.0,638.0,650.0,9024,619.8,602.9,597.4,570.9803921568628,3220.0,-997.0,48.0,-15224.0,5488.0,1206.0
2026-05-07,633.0,655.0,625.0,639.0,9859,606.0,597.7,593.3,569.4,-1232.0,1110.0,149.0,-18444.0,6485.0,1158.0
2026-05-06,598.0,634.0,596.0,629.0,8877,595.8,594.7,589.45,567.9795918367347,1598.0,831.0,251.0,-17212.0,5375.0,1009.0
2026-05-05,590.0,594.0,588.0,590.0,2560,587.6,591.7,585.5,566.7083333333334,-105.0,-434.0,-34.0,-18810.0,4544.0,758.0
2026-05-04,588.0,597.0,582.0,591.0,3911,587.2,593.2,583.75,566.2127659574468,-115.0,-193.0,-15.0,-18705.0,4978.0,792.0
2026-04-30,585.0,590.0,581.0,581.0,3075,586.0,594.0,582.55,565.6739130434783,-1388.0,31.0,-3.0,-18590.0,5171.0,807.0
2026-04-29,590.0,595.0,585.0,588.0,2431,589.4,594.8,580.95,565.3333333333334,-456.0,-335.0,4.0,-17202.0,5140.0,810.0
2026-04-28,589.0,591.0,583.0,588.0,2336,593.6,594.4,579.65,564.8181818181819,-805.0,-330.0,-101.0,-16746.0,5475.0,806.0
2026-04-27,587.0,596.0,585.0,588.0,3081,595.8,593.6,579.1,564.2790697674419,251.0,-143.0,-98.0,-15941.0,5805.0,907.0
2026-04-24,598.0,601.0,584.0,585.0,5502,599.2,592.6,578.4,563.7142857142857,-2344.0,86.0,-131.0,-16192.0,5948.0,1005.0
2026-04-23,613.0,619.0,591.0,598.0,5701,602.0,591.9,577.4,563.1951219512196,-1677.0,352.0,-36.0,-13848.0,5862.0,1136.0
2026-04-22,598.0,609.0,595.0,609.0,4674,600.2,588.9,575.75,562.325,436.0,133.0,10.0,-12171.0,5510.0,1172.0
2026-04-21,606.0,609.0,592.0,599.0,5134,595.2,584.2,573.45,561.1282051282051,-1727.0,313.0,-12.0,-12607.0,5377.0,1162.0
2026-04-20,606.0,609.0,601.0,605.0,4113,591.4,579.3,572.6,560.1315789473684,-276.0,132.0,74.0,-10880.0,5064.0,1174.0
2026-04-17,590.0,608.0,588.0,599.0,5743,586.0,574.3,571.25,558.918918918919,1472.0,-298.0,80.0,-10604.0,4932.0,1100.0
2026-04-16,584.0,595.0,584.0,589.0,4191,581.8,571.1,571.0,557.8055555555555,-490.0,-149.0,28.0,-12076.0,5230.0,1020.0
2026-04-15,584.0,587.0,580.0,584.0,4199,577.6,567.1,571.2,556.9142857142857,-824.0,-73.0,-139.0,-11586.0,5379.0,992.0
2026-04-14,584.0,585.0,578.0,580.0,3432,573.2,564.9,571.45,556.1176470588235,-729.0,-50.0,-2.0,-10762.0,5452.0,1131.0
2026-04-13,573.0,579.0,565.0,578.0,2914,567.2,564.6,571.9,555.3939393939394,-328.0,84.0,-5.0,-10033.0,5502.0,1133.0
2026-04-10,584.0,584.0,575.0,578.0,3617,562.6,564.2,572.05,554.6875,-324.0,-135.0,5.0,-9705.0,5418.0,1138.0
2026-04-09,563.0,568.0,560.0,568.0,2443,560.4,562.9,572.35,553.9354838709677,-103.0,13.0,12.0,-9381.0,5553.0,1133.0
2026-04-08,565.0,571.0,561.0,562.0,3448,556.6,562.6,570.5,553.4666666666667,330.0,4.0,7.0,-9278.0,5540.0,1121.0
2026-04-07,561.0,563.0,545.0,550.0,2710,556.6,562.7,568.25,553.1724137931035,-958.0,274.0,55.0,-9608.0,5536.0,1114.0
2026-04-02,570.0,570.0,551.0,555.0,3384,562.0,565.9,567.1,553.2857142857143,-1250.0,415.0,212.0,-8650.0,5262.0,1059.0
2026-04-01,568.0,570.0,560.0,567.0,3100,565.8,568.2,565.25,553.2222222222222,-265.0,370.0,5.0,-7400.0,4847.0,847.0
2026-03-31,560.0,565.0,548.0,549.0,4343,565.4,570.9,561.9,552.6923076923077,-301.0,138.0,421.0,-7135.0,4477.0,842.0
2026-03-30,569.0,571.0,562.0,562.0,3172,568.6,575.3,560.5,552.84,-733.0,311.0,212.0,-6834.0,4339.0,421.0
2026-03-27,572.0,577.0,566.0,577.0,2482,568.8,578.0,558.9,552.4583333333334,-38.0,283.0,72.0,-6101.0,4028.0,209.0
2026-03-26,566.0,577.0,563.0,574.0,3248,569.8,579.2,556.65,551.3913043478261,1062.0,-4.0,104.0,-6063.0,3745.0,137.0
2026-03-25,576.0,577.0,562.0,565.0,4344,570.6,579.9,554.2,550.3636363636364,-1209.0,201.0,-6.0,-7125.0,3749.0,33.0
2026-03-24,575.0,576.0,562.0,565.0,3351,576.4,581.8,551.7,549.6666666666666,-317.0,199.0,10.0,-5916.0,3548.0,39.0
2026-03-23,572.0,575.0,560.0,563.0,5152,582.0,578.4,548.9,548.9,-1041.0,936.0,174.0,-5599.0,3349.0,29.0
2026-03-20,582.0,590.0,574.0,582.0,4989,587.2,573.8,548.1578947368421,548.1578947368421,-449.0,515.0,14.0,-4558.0,2413.0,-145.0
2026-03-19,589.0,594.0,578.0,578.0,4096,588.6,568.3,546.2777777777778,546.2777777777778,-169.0,-6.0,58.0,-4109.0,1898.0,-159.0
2026-03-18,598.0,604.0,590.0,594.0,4892,589.2,562.3,544.4117647058823,544.4117647058823,95.0,1.0,28.0,-3940.0,1904.0,-217.0
2026-03-17,592.0,595.0,589.0,593.0,4286,587.2,552.9,541.3125,541.3125,-43.0,751.0,-15.0,-4035.0,1903.0,-245.0
2026-03-16,592.0,592.0,581.0,589.0,3976,574.8,545.7,537.8666666666667,537.8666666666667,-481.0,521.0,28.0,-3992.0,1152.0,-230.0
2026-03-13,574.0,594.0,573.0,589.0,7586,560.4,539.8,534.2142857142857,534.2142857142857,-1319.0,0.0,-30.0,-3511.0,631.0,-258.0
2026-03-12,591.0,593.0,574.0,581.0,9792,548.0,534.1,530.0,530.0,-845.0,134.0,-115.0,-2192.0,631.0,-228.0
2026-03-11,556.0,584.0,556.0,584.0,10066,535.4,528.5,525.75,525.75,2311.0,61.0,-194.0,-1347.0,497.0,-113.0
2026-03-10,524.0,532.0,521.0,531.0,5244,518.6,521.6,520.4545454545455,520.4545454545455,325.0,16.0,52.0,-3658.0,436.0,81.0
2026-03-09,505.0,520.0,500.0,517.0,4149,516.6,519.4,519.4,519.4,67.0,272.0,155.0,-3983.0,420.0,29.0
2026-03-06,514.0,530.0,513.0,527.0,3156,519.2,519.6666666666666,519.6666666666666,519.6666666666666,520.0,31.0,-10.0,-4050.0,148.0,-126.0
2026-03-05,510.0,520.0,508.0,518.0,3851,520.2,518.75,518.75,518.75,469.0,187.0,-0.0,-4570.0,117.0,-116.0
2026-03-04,515.0,515.0,500.0,500.0,5211,521.6,518.8571428571429,518.8571428571429,518.8571428571429,-1643.0,282.0,169.0,-5039.0,-70.0,-116.0
2026-03-03,530.0,533.0,519.0,521.0,3860,524.6,522.0,522.0,522.0,-1398.0,41.0,26.0,-3396.0,-352.0,-285.0
2026-03-02,533.0,536.0,526.0,530.0,3614,522.2,522.2,522.2,522.2,-576.0,63.0,35.0,-1998.0,-393.0,-311.0
2026-02-26,530.0,535.0,522.0,532.0,4661,520.25,520.25,520.25,520.25,-355.0,41.0,-139.0,-1422.0,-456.0,-346.0
2026-02-25,522.0,533.0,521.0,525.0,5778,516.3333333333334,516.3333333333334,516.3333333333334,516.3333333333334,747.0,-527.0,-91.0,-1067.0,-497.0,-207.0
2026-02-24,509.0,520.0,507.0,515.0,5031,512.0,512.0,512.0,512.0,-317.0,42.0,-105.0,-1814.0,30.0,-116.0
2026-02-23,518.0,518.0,507.0,509.0,6096,509.0,509.0,509.0,509.0,-1497.0,-12.0,-11.0,-1497.0,-12.0,-11.0
